,artist_count,bpm,Major,danceability_%,valence_%,energy_%,acousticness_%,days_since_release,artist_dominance,streams_per_month
0,2,125,1,80,89,83,31,0,1,141381703.0
1,1,92,1,71,61,74,7,113,1,36020564.12247788
2,1,138,1,51,32,53,17,14,7,140003974.0
3,1,170,1,55,58,72,11,1421,34,17155238.894778326
4,1,144,0,65,23,80,14,57,19,161938835.81894737
5,2,141,1,92,66,58,19,43,1,130046924.72
6,2,148,0,67,83,76,48,120,1,184156955.07733333
7,1,100,1,67,26,71,37,7,4,58149378.0
8,1,130,0,85,22,62,12,60,1,48306917.81
9,2,170,0,81,56,48,21,119,1,141618663.8611765
10,2,83,0,57,56,72,23,88,1,174916347.41727272
11,1,150,0,78,52,82,18,7,6,58255150.0
12,1,118,1,71,65,68,6,183,2,219044196.69420767
13,1,118,1,71,65,68,6,183,2,219044196.69420767
14,1,130,0,51,32,43,83,91,2,129644542.70857143
15,1,174,0,52,66,73,34,470,17,162769058.99344683
16,1,89,1,64,43,73,5,218,19,162406288.20073396
17,1,120,0,78,76,59,43,140,2,108017576.29885714
18,1,120,0,78,76,59,43,140,2,108017576.29885714
19,1,120,0,78,76,59,43,140,2,108017576.29885714
20,1,120,0,78,76,59,43,140,2,108017576.29885714
21,1,78,1,44,14,9,96,1,5,30546883.0
22,2,100,1,86,67,66,14,105,1,97182521.9329524
23,1,120,1,63,36,73,0,112,3,98758703.79214288
24,3,140,0,65,87,74,22,22,1,86444842.0
25,1,123,1,69,82,76,6,7,34,52135248.0
26,1,135,0,48,44,42,12,3846,4,10265594.986853875
27,2,133,0,85,81,67,26,44,1,138811395.6190909
28,3,99,1,85,83,68,7,42,1,83611838.97238095
29,1,130,0,79,96,86,9,22,2,78300654.0
30,2,107,1,80,82,80,43,476,1,57502399.59865546
31,2,122,0,81,74,71,14,15,1,61245289.0
32,1,204,1,52,52,68,46,164,11,79780606.56878048
33,1,110,0,67,78,85,2,50,3,77566571.1952
34,1,126,0,74,35,84,0,1,2,22581161.0
35,2,168,1,56,63,87,39,16,1,52294266.0
36,3,98,0,71,17,61,36,224,1,114687797.34107144
37,1,97,1,64,51,63,12,266,34,114407284.02962406
38,2,180,0,72,61,63,67,141,1,133631684.84340423
39,8,120,1,81,63,68,11,43,1,87159215.15627907
40,2,150,1,61,39,73,37,98,1,58685059.19265306
41,1,96,1,75,57,68,9,3481,34,11857338.19103706
42,1,95,1,60,48,79,0,3481,34,6874856.388348176
43,1,125,0,79,96,85,27,56,2,95969425.16857144
44,2,144,0,56,84,65,23,154,2,70070391.03584416
45,2,90,1,76,91,50,54,1739,1,49153800.44968373
46,2,128,0,56,38,97,4,322,1,104879334.36136648
47,3,79,1,56,58,56,37,2184,1,14594213.96430403
48,3,144,1,77,75,58,52,21,1,65156199.0
49,1,122,1,67,49,64,10,959,2,18108944.988279454
50,1,122,1,67,49,64,10,959,2,18108944.988279454
51,1,140,1,71,82,81,11,427,2,77396403.24309133
52,1,134,0,59,51,52,9,2423,22,20703602.066215437
53,2,186,1,68,49,59,16,2487,1,31401175.655375957
54,2,67,0,53,50,53,23,140,2,112790007.768
55,3,106,0,72,17,64,7,42,1,78095885.57142857
56,3,128,1,60,23,91,0,99,1,54650766.39434344
57,1,107,0,92,55,70,18,140,4,33347457.24885714
58,1,107,0,92,55,70,18,140,4,33347457.24885714
59,1,130,0,67,96,88,12,29,1,57876440.0
60,1,123,0,45,13,54,70,3924,1,14069374.717900105
61,1,171,1,50,38,80,0,1323,22,85220382.50382465
62,1,137,0,64,88,72,51,140,1,55766815.995714284
63,1,125,0,84,85,68,58,414,1,89267385.06647344
64,1,128,0,86,42,72,59,0,4,16011326.0
65,1,128,0,86,42,72,59,0,4,16011326.0
66,1,130,0,61,53,58,55,1085,34,22781451.903299537
67,2,130,1,86,59,96,50,71,1,47995590.03042253
68,2,133,1,70,86,81,25,161,1,29558681.45689441
69,3,101,1,88,72,59,62,385,1,56961086.40415585
70,2,95,0,77,53,64,74,112,1,97279099.6457143
71,2,98,0,90,40,59,0,281,1,73020545.52455516
72,1,173,1,43,28,66,0,8960,1,5963027.564200893
73,1,90,1,64,10,62,7,266,34,46296589.20240601
74,1,198,0,59,71,42,55,224,1,50715208.57821429
75,1,140,1,56,48,73,0,0,3,14780425.0
76,1,82,1,51,22,53,1,7,34,39578178.0
77,2,130,0,77,84,89,17,21,2,54266102.0
78,1,81,1,76,53,53,44,1111,1,70085312.50700271
79,1,94,0,51,14,59,65,364,2,62814656.59857143
80,1,124,1,61,41,81,5,4078,3,17039618.44124571
81,1,124,1,61,41,81,5,4078,3,17039618.44124571
82,2,128,1,62,55,78,1,373,1,110707349.68075068
83,1,138,0,49,42,62,9,5673,3,8547183.849314297
84,1,132,1,58,27,48,50,362,2,53430780.80055249
85,2,131,1,71,24,47,1,295,1,126989064.71728817
86,2,168,0,78,58,73,5,206,2,86546441.7568932
87,1,98,1,68,40,79,33,22,1,43857627.0
88,1,102,1,48,50,73,43,17726,1,3450120.83076385
89,2,101,1,34,32,57,78,448,1,40834230.47571429
90,2,130,1,63,36,34,76,21,1,39709092.0
91,1,142,1,50,20,64,1,7,34,39228929.0
92,2,170,1,59,48,76,4,735,1,110385127.87167348
93,2,124,0,78,70,68,3,133,1,51183426.80240601
94,1,110,1,50,45,41,75,1709,3,51426355.07206554
95,2,92,0,91,43,71,9,434,1,101052230.36847928
96,1,116,1,82,40,66,39,2944,1,1711051.9730027174
97,2,129,1,63,84,82,70,4041,1,437314.63668398914
98,1,98,1,71,67,60,19,112,1,42686357.16785715
99,1,172,0,74,76,76,6,119,1,24334605.20268908
100,2,150,1,68,14,76,4,119,1,64027661.75731093
101,1,136,0,62,19,53,11,2074,34,10054190.11789778
102,1,88,0,53,34,47,9,1134,2,1031093.4220811288
103,2,143,1,83,69,44,15,63,1,69850208.98412699
104,1,100,0,49,17,35,71,119,3,32631562.33277311
105,1,143,1,56,39,55,14,217,19,56066658.58764977
106,1,112,0,56,24,66,7,4577,3,6541823.409115141
107,1,93,1,62,57,59,3,35,8,103045789.79085714
108,1,206,1,43,50,55,50,4212,34,6380194.976486229
109,3,88,0,68,17,71,15,224,1,38919736.708035715
110,1,170,1,50,37,90,0,91,3,57811215.14989011
111,1,84,0,62,24,67,21,7134,4,5297597.037975891
112,1,134,0,81,53,72,51,7,6,29562220.0
113,1,158,1,54,50,40,61,450,1,5229565.686311112
114,3,116,1,80,92,80,4,2072,1,23582545.34876448
115,1,117,1,61,45,69,2,2268,1,14991775.60340388
116,1,114,0,77,65,72,2,855,3,29837604.86081872
117,1,108,0,61,47,68,0,4577,4,7738827.600034958
118,1,108,0,61,47,68,0,4577,4,7738827.600034958
119,1,108,0,61,47,68,0,4577,4,7738827.600034958
120,2,144,0,74,37,53,7,4212,1,7903454.940987654
121,1,130,1,51,18,44,76,224,1,24414414.77392857
122,2,116,1,77,79,62,33,22,2,39058561.0
123,1,121,1,65,49,78,0,7,34,36912123.0
124,1,112,1,64,54,81,36,14026,1,2617222.8097932413
125,1,100,0,70,47,52,30,3139,1,17367969.847339917
126,1,150,0,55,30,78,24,139,1,44162277.32345324
127,2,120,0,84,96,71,18,156,1,48409153.67205128
128,3,127,0,82,89,85,4,63,1,43891461.60825396
129,1,90,1,51,42,61,53,1085,34,17033039.393032257
130,2,128,0,75,79,63,33,22,2,55842345.0
131,2,143,1,64,31,87,4,126,1,50987189.40444444
132,1,139,1,74,68,68,3,364,1,28675311.0789011
133,2,162,1,49,78,64,19,217,1,387.44368663594474
134,1,92,1,81,39,60,31,763,2,13179220.375570118
135,1,95,1,87,57,55,10,329,8,55686123.74237083
136,3,146,1,63,88,93,3,4350,1,13670245.899641382
137,1,95,1,55,56,82,12,1335,17,52958306.30238203
138,2,115,0,35,12,30,93,2163,1,33152156.053129915
139,2,128,1,78,59,65,10,23,2,66902503.0
140,1,130,0,82,69,83,3,60,2,48842880.47066667
141,1,127,0,80,74,77,36,193,6,67973852.89347151
142,1,150,1,42,20,86,21,4577,3,1894235.736194014
143,2,122,0,78,50,63,27,184,1,119439876.10391304
144,1,140,1,52,20,85,0,5929,4,6248803.240411537
145,4,140,1,63,22,54,46,42,1,79199177.57333334
146,3,119,0,75,48,53,18,224,1,37541649.01035714
147,5,110,0,76,96,72,32,53,1,31143929.02037736
148,1,95,1,60,17,45,16,2385,9,32667532.500025157
149,1,95,1,60,17,45,16,2385,9,32667532.500025157
150,1,132,1,56,20,55,45,359,2,57792173.69203343
151,1,125,0,77,74,78,4,2355,3,33529758.661791936
152,4,124,0,84,65,50,67,56,1,44084867.52357143
153,2,133,0,93,68,65,42,43,1,8464189.582325581
154,1,112,1,92,67,66,0,7864,4,6532616.096373348
155,3,97,1,79,92,89,5,1,1,11599388.0
156,2,90,0,59,52,48,38,2423,1,7684756.418852663
157,2,80,0,65,27,69,8,434,1,79527360.79889402
158,1,172,1,45,33,59,6,7134,1,4648361.636860107
159,1,120,1,60,24,35,73,1526,1,8213366.559737877
160,1,140,0,74,96,80,18,168,1,46372512.522619046
161,1,128,0,81,90,77,1,14,1,31873544.0
162,1,122,1,78,70,81,57,49,2,59049645.28489796
163,2,130,1,47,86,92,8,4942,1,7880614.575014165
164,2,160,1,69,61,71,33,162,1,43931615.29679012
165,1,144,1,73,87,70,6,3873,4,11642730.057567775
166,3,192,1,50,85,52,11,101,1,42825546.24752475
167,2,163,1,54,40,67,0,392,8,48058356.10734694
168,1,122,0,66,48,71,6,3846,2,15920168.936692668
169,1,154,1,61,41,74,21,847,3,41952240.41827627
170,1,117,0,73,31,69,6,1379,1,20528012.172559828
171,1,117,0,73,31,69,6,1379,1,20528012.172559828
172,1,117,0,73,31,69,6,1379,1,20528012.172559828
173,1,117,0,73,31,69,6,1379,1,20528012.172559828
174,1,117,0,73,31,69,6,1379,1,20528012.172559828
175,1,117,0,73,31,69,6,1379,1,20528012.172559828
176,1,117,0,73,31,69,6,1379,1,20528012.172559828
177,1,117,0,73,31,69,6,1379,1,20528012.172559828
178,1,117,0,73,31,69,6,1379,1,20528012.172559828
179,1,117,0,73,31,69,6,1379,1,20528012.172559828
180,1,117,0,73,31,69,6,1379,1,20528012.172559828
181,1,117,0,73,31,69,6,1379,1,20528012.172559828
182,1,117,0,73,31,69,6,1379,1,20528012.172559828
183,1,117,0,73,31,69,6,1379,1,20528012.172559828
184,1,117,0,73,31,69,6,1379,1,20528012.172559828
185,1,117,0,73,31,69,6,1379,1,20528012.172559828
186,1,117,0,73,31,69,6,1379,1,20528012.172559828
187,1,117,0,73,31,69,6,1379,1,20528012.172559828
188,1,117,0,73,31,69,6,1379,1,20528012.172559828
189,1,117,0,73,31,69,6,1379,1,20528012.172559828
190,2,138,0,78,89,83,10,172,1,77166795.46162792
191,1,96,1,86,74,80,33,6940,2,2884885.703129683
192,3,104,1,77,36,63,1,2657,1,31092132.60594656
193,1,164,1,45,24,62,8,4942,34,3829089.5396924326
194,1,118,1,68,61,82,2,1211,22,39997400.48303881
195,1,81,0,68,51,60,3,4798,1,6032845.555906627
196,1,81,0,68,51,60,3,4798,1,6032845.555906627
197,1,81,0,68,51,60,3,4798,1,6032845.555906627
198,1,81,0,68,51,60,3,4798,1,6032845.555906627
199,1,81,0,68,51,60,3,4798,1,6032845.555906627
200,1,81,0,68,51,60,3,4798,1,6032845.555906627
201,1,81,0,68,51,60,3,4798,1,6032845.555906627
202,1,81,0,68,51,60,3,4798,1,6032845.555906627
203,1,81,0,68,51,60,3,4798,1,6032845.555906627
204,1,117,1,82,73,45,54,14799,1,3277191.785544969
205,1,174,1,45,10,37,97,3084,1,13917997.401167316
206,2,128,1,73,60,77,3,4577,1,8213582.788839852
207,1,145,1,60,43,27,94,3873,4,13056168.858858766
208,1,150,0,65,51,55,73,1876,1,22303971.698358208
209,3,90,0,60,13,53,4,42,1,68262762.50095238
210,1,85,1,55,42,53,17,3846,4,14154096.98018721
211,1,180,1,33,38,71,20,4212,3,13300260.90728395
212,1,166,1,57,84,94,11,93,1,46993394.74193549
213,1,160,1,71,40,50,16,2422,22,8605091.568191577
214,1,160,1,65,95,80,5,3481,34,9740090.575731112
215,1,92,1,70,81,63,4,3846,4,10030584.288611546
216,1,170,1,56,53,64,11,482,2,45868878.26954357
217,1,96,0,83,93,65,58,2380,9,45564636.979663864
218,1,96,0,83,93,65,58,2380,9,45564636.979663864
219,1,120,1,67,40,52,86,3161,1,10892251.88661816
220,2,98,1,70,37,54,6,182,1,51408501.00747253
221,1,92,1,53,12,34,1,11253,1,3438919.960625611
222,1,150,1,34,24,56,4,1365,2,5929281.870534798
223,1,150,1,34,24,56,4,1365,2,5929281.870534798
224,1,94,1,37,17,47,2,2306,1,11111385.8694536
225,1,90,0,74,36,63,26,56,1,26067716.89857143
226,1,160,1,54,54,55,67,2519,2,9744631.524732037
227,1,120,1,70,59,75,24,1414,3,45904032.61476662
228,1,109,1,63,46,85,1,4942,4,10110284.85915014
229,1,129,0,57,41,66,63,3591,1,18099198.857209697
230,2,157,1,54,75,60,30,210,1,53243367.60914286
231,1,130,1,63,49,73,5,826,34,12912364.79007264
232,1,107,0,65,19,72,10,434,19,88676548.0364977
233,1,146,0,50,67,89,0,7,34,30343206.0
234,1,139,0,48,37,41,32,1250,2,9865891.645824
235,1,116,1,74,76,70,7,20101,1,1735035.4946937962
236,1,95,0,84,52,77,12,4742,1,3470585.5052382965
237,1,95,0,84,52,77,12,4742,1,3470585.5052382965
238,1,95,0,84,52,77,12,4742,1,3470585.5052382965
239,1,95,0,84,52,77,12,4742,1,3470585.5052382965
240,1,95,0,84,52,77,12,4742,1,3470585.5052382965
241,1,95,0,84,52,77,12,4742,1,3470585.5052382965
242,1,95,0,84,52,77,12,4742,1,3470585.5052382965
243,1,95,0,84,52,77,12,4742,1,3470585.5052382965
244,1,95,0,84,52,77,12,4742,1,3470585.5052382965
245,1,95,0,84,52,77,12,4742,1,3470585.5052382965
246,1,95,0,84,52,77,12,4742,1,3470585.5052382965
247,1,95,0,84,52,77,12,4742,1,3470585.5052382965
248,1,95,0,84,52,77,12,4742,1,3470585.5052382965
249,1,95,0,84,52,77,12,4742,1,3470585.5052382965
250,1,95,0,84,52,77,12,4742,1,3470585.5052382965
251,1,95,0,84,52,77,12,4742,1,3470585.5052382965
252,1,95,0,84,52,77,12,4742,1,3470585.5052382965
253,4,170,0,62,55,80,15,36,1,48461101.483333334
254,1,134,0,81,18,64,3,207,6,58465690.222028986
255,1,84,0,57,86,90,2,14147,1,3182601.4211239135
256,4,146,0,61,20,48,21,42,1,62890222.81142857
257,5,74,0,53,24,67,11,74,1,55019776.34972973
258,1,144,1,75,35,48,84,64,1,58560888.6475
259,1,144,1,75,35,48,84,64,1,58560888.6475
260,3,136,0,77,79,73,15,232,1,60822919.48931035
261,3,100,1,56,53,55,53,60,1,32739762.293333337
262,1,105,0,89,67,78,9,42,2,47469039.053333335
263,1,106,1,67,24,78,15,49,34,42626537.83102041
264,2,132,1,85,53,68,40,106,1,46366722.033962265
265,2,120,1,78,5,30,21,42,1,50810864.73809524
266,2,155,1,82,51,39,2,119,1,29035538.304537818
267,2,129,1,70,42,43,78,62,1,44154267.23419355
268,2,135,0,80,85,74,62,288,1,7505060.108194444
269,2,98,0,73,45,62,28,42,1,31543514.503809523
270,1,124,0,84,64,39,3,105,1,67517926.72076191
271,3,135,0,77,28,55,18,42,1,26908006.93809524
272,1,107,1,78,39,53,30,113,9,52684534.54973452
273,1,107,1,78,39,53,30,113,9,52684534.54973452
274,2,96,1,54,25,74,14,275,2,58924794.8557091
275,2,123,1,71,58,70,30,226,1,72478878.07292035
276,2,90,1,62,7,62,6,49,1,28665019.993469387
277,3,117,0,72,45,59,14,224,1,54497970.5275
278,2,133,0,78,90,84,31,101,1,38284060.393267326
279,1,96,0,74,61,83,11,224,8,46887344.87678572
280,2,149,1,66,85,60,40,225,1,38976952.25084445
281,2,110,0,66,32,40,81,49,1,37491232.17795919
282,1,105,1,95,62,52,3,226,1,45131311.34548673
283,1,105,1,80,69,78,28,53,3,44090557.24981132
284,2,134,1,76,61,58,6,49,1,28617120.479183674
285,1,170,0,71,59,56,4,371,8,37682950.62371968
286,2,81,1,59,26,60,46,42,1,28748583.280952383
287,2,154,1,63,75,92,31,135,1,31233168.54103704
288,1,169,1,69,69,51,63,380,3,65897306.40389474
289,1,169,1,69,69,51,63,380,3,65897306.40389474
290,1,115,1,78,64,69,4,350,3,51826338.81851429
291,2,84,0,43,14,74,1,39,1,40575566.99384616
292,2,93,1,79,58,62,11,57,1,30945190.250526316
293,2,91,1,82,47,62,10,84,1,41677447.82857143
294,1,142,0,82,54,44,6,98,4,54387530.98489796
295,1,142,0,82,54,44,6,98,4,54387530.98489796
296,1,142,0,82,54,44,6,98,4,54387530.98489796
297,1,142,0,82,54,44,6,98,4,54387530.98489796
298,2,126,1,78,20,70,1,56,1,31031985.161428574
299,1,97,1,73,10,44,26,266,34,55889075.56646617
300,5,101,1,92,59,51,41,42,1,23744424.122857142
301,1,98,0,80,23,48,14,434,19,73468416.620553
302,1,154,1,59,63,89,18,168,1,27804462.763809524
303,1,120,1,91,63,58,52,150,1,44173095.89946666
304,1,120,1,91,63,58,52,150,1,44173095.89946666
305,1,150,1,49,4,55,7,270,1,51543356.276888885
306,1,174,1,47,27,78,11,2731,2,10475605.00345661
307,1,202,1,34,25,51,69,681,1,32470869.10061674
308,2,153,0,56,42,52,5,252,8,69291226.7015873
309,1,142,1,60,13,37,58,638,4,67087817.85166145
310,1,142,1,60,13,37,58,638,4,67087817.85166145
311,1,142,1,60,13,37,58,638,4,67087817.85166145
312,2,108,0,84,55,47,26,64,1,34042069.361875
313,2,143,1,83,25,69,4,42,1,18101401.84095238
314,1,108,1,67,55,67,60,150,1,29518361.626133338
315,1,104,0,95,78,66,3,8595,4,5045317.7952204775
316,3,93,0,84,96,79,43,210,1,33532141.149904765
317,1,105,0,65,46,53,16,581,1,21791722.82588641
318,1,170,1,44,27,32,89,399,3,75414584.35097744
319,1,170,1,44,27,32,89,399,3,75414584.35097744
320,3,178,0,62,56,66,18,71,2,21800023.58535211
321,1,176,0,50,44,76,10,70,9,17347968.645142857
322,1,176,0,50,44,76,10,70,9,17347968.645142857
323,2,104,0,80,38,88,11,74,1,37858768.927027024
324,1,85,1,70,83,84,31,84,1,43054572.63476191
325,2,117,0,77,69,58,39,75,1,31346398.080533333
326,1,80,1,52,57,48,86,140,4,44877176.47685714
327,1,80,1,52,57,48,86,140,4,44877176.47685714
328,1,98,1,44,36,41,50,98,7,36573941.72530612
329,2,178,0,79,58,78,34,162,1,50099080.42
330,1,148,1,51,27,33,48,462,1,19317342.07030303
331,1,120,1,77,94,66,65,140,2,30370849.88685714
332,1,120,1,77,94,66,65,140,2,30370849.88685714
333,1,120,1,77,94,66,65,140,2,30370849.88685714
334,1,120,1,77,94,66,65,140,2,30370849.88685714
335,1,122,0,68,38,88,1,95,4,39454325.68884211
336,1,144,1,74,75,73,42,9690,1,325957.79648297216
337,2,96,1,93,47,47,33,132,1,37562746.68939394
338,1,137,1,77,35,88,16,81,1,34281311.913580246
339,1,121,0,94,71,61,12,448,1,12943177.349553572
340,2,119,0,60,10,57,1,84,1,34853900.37952381
341,1,96,1,72,40,47,71,1421,34,3968138.1780717806
342,1,111,1,87,53,52,66,449,4,60005000.3017372
343,1,111,1,87,53,52,66,449,4,60005000.3017372
344,2,148,1,90,74,68,14,91,1,35120717.321318686
345,2,182,1,57,80,59,8,161,1,27847937.197018635
346,1,141,1,79,82,86,28,673,9,58898192.58288261
347,1,141,1,79,82,86,28,673,9,58898192.58288261
348,2,145,0,76,80,81,19,196,1,24686060.052653063
349,2,110,0,76,26,70,1,80,1,29264500.042
350,1,134,1,70,35,41,41,332,1,12572442.491566263
351,1,130,1,92,78,62,18,351,2,67849925.97868946
352,1,145,1,84,88,53,35,266,1,57512712.55218045
353,3,130,0,69,36,90,1,159,1,39635800.51698113
354,1,173,1,59,69,53,12,442,1,27884093.347963803
355,1,92,0,75,55,76,25,252,4,46041831.9915873
356,1,105,0,56,57,87,0,3326,1,4267017.899001804
357,1,175,0,59,15,64,43,596,1,18263006.71624161
358,2,120,0,80,33,70,22,78,1,23846892.68923077
359,2,139,0,70,77,48,37,202,1,29878729.046138614
360,1,132,0,59,56,82,12,119,3,43088869.5405042
361,2,114,1,32,17,74,14,1933,2,11109415.29661666
362,2,145,0,54,19,48,36,71,1,14792217.247887325
363,1,110,1,82,67,69,0,301,3,48762173.77275748
364,2,94,1,89,61,66,17,204,1,45379265.60784314
365,1,134,1,45,17,60,21,1933,22,22830778.98369374
366,1,120,1,62,32,76,0,112,3,47189434.42642857
367,2,123,0,70,86,68,24,162,2,16915857.120493826
368,2,131,1,77,84,71,35,588,1,33789676.046870746
369,1,171,1,70,6,73,1,7864,4,7083543.44373347
370,2,130,0,80,64,76,2,7719,1,2584843.9351781323
371,3,94,1,82,53,67,34,134,2,33259032.72567164
372,2,89,0,73,44,57,39,98,1,29761630.311836734
373,1,87,0,65,71,56,4,119,8,29981352.334453784
374,2,124,0,72,79,78,55,114,1,26811128.243157897
375,2,78,1,71,80,65,51,109,3,22553065.81651376
376,2,120,1,70,70,79,7,255,1,38866798.549333334
377,2,96,0,48,50,80,40,105,3,16951681.15657143
378,1,106,1,73,22,86,31,111,1,14458450.434594596
379,1,170,0,78,75,46,62,567,1,10304804.184620813
380,2,134,0,67,11,76,8,112,1,21030099.9225
381,1,115,1,71,90,73,30,420,17,53900079.951714285
382,1,130,1,74,79,87,45,217,1,37564588.329585254
383,2,118,1,65,63,79,3,1211,2,30711810.42322048
384,1,110,1,59,22,38,42,448,1,30555629.39758929
385,1,100,1,72,42,66,18,107,1,19080591.405607477
386,2,142,0,70,76,79,26,122,1,29026436.511803277
387,1,140,1,64,18,37,72,266,34,49591624.563759394
388,1,116,1,90,96,73,62,154,1,32729872.126493502
389,1,120,1,73,64,85,25,427,11,26220766.919531617
390,2,92,0,76,46,79,31,469,1,30961409.875394456
391,1,110,0,81,64,79,5,261,1,18219063.095785443
392,1,120,1,71,57,97,1,539,1,25348427.421521336
393,2,80,1,63,40,61,9,10230,1,4039649.1769853374
394,2,115,0,95,43,69,47,243,1,36872754.17020576
395,1,76,1,58,46,67,65,3150,1,9394508.452673016
396,1,172,1,60,77,78,45,2335,3,11994085.89296788
397,1,172,1,60,77,78,45,2335,3,11994085.89296788
398,1,99,1,40,45,56,69,2499,2,29483330.583721492
399,1,99,1,40,45,56,69,2499,2,29483330.583721492
400,1,136,0,36,12,57,9,2970,22,19958921.594410773
401,1,150,0,90,64,14,67,1526,1,4880349.192319791
402,1,92,0,71,41,31,79,98,1,21189033.025306124
403,1,92,0,71,41,31,79,98,1,21189033.025306124
404,1,92,0,71,41,31,79,98,1,21189033.025306124
405,5,95,1,77,72,87,17,211,1,32255228.95279621
406,3,102,0,83,58,83,21,354,1,40571168.40723164
407,1,145,0,70,34,55,43,217,19,38208156.56092166
408,1,110,1,50,24,86,0,7417,2,5587404.358403668
409,2,95,1,64,30,77,46,140,1,32566069.189142857
410,2,94,0,68,81,82,53,133,1,26686448.17744361
411,1,142,1,61,92,91,0,224,11,20175935.44875
412,2,145,0,59,20,74,1,343,1,44126936.52431487
413,1,121,0,64,67,80,0,133,11,20321814.72150376
414,1,140,0,66,43,76,49,133,11,28818962.430075187
415,3,137,0,84,44,67,8,141,1,22681524.90609929
416,1,104,1,56,72,85,0,164,11,17748589.177560978
417,1,92,1,57,68,76,7,147,1,29939872.8707483
418,1,146,0,74,51,45,86,211,2,43000286.822559245
419,1,120,1,56,20,43,89,172,1,29479025.65883721
420,1,144,1,68,83,81,9,164,11,15409594.426341465
421,2,94,1,59,44,56,80,251,1,16958603.763505977
422,1,94,1,73,65,79,5,256,2,36054312.4584375
423,2,113,0,79,66,74,8,211,1,31941754.226161137
424,2,148,1,50,49,76,12,133,1,13478495.786766917
425,1,98,1,70,29,73,12,133,2,18634633.09142857
426,1,140,1,58,26,38,91,409,1,11668226.192176038
427,1,100,1,36,28,28,81,217,19,39965940.73290323
428,2,140,1,86,68,79,39,141,1,20172201.563120566
429,1,100,0,59,78,94,27,347,6,31885035.66190202
430,1,100,0,59,49,65,2,4577,2,2477208.0113786324
431,2,132,0,87,82,70,42,268,1,43243713.34880597
432,1,142,1,49,48,67,10,133,11,12938893.230676692
433,1,176,0,72,96,63,25,175,4,30509463.210285716
434,1,140,1,53,51,70,49,434,11,14253597.893824885
435,1,105,0,55,40,90,1,8298,2,5958013.995353097
436,1,135,1,81,97,77,75,218,1,18751947.335412845
437,1,128,0,82,61,59,30,351,1,6076703.811396012
438,2,101,1,74,43,69,12,406,1,45681998.373201974
439,1,122,1,88,43,50,7,434,19,47088432.91078341
440,1,105,0,76,49,56,80,309,4,35696719.65514564
441,2,83,1,53,40,36,73,203,1,14033539.520197043
442,4,77,0,72,59,76,24,679,1,54849434.72100147
443,1,140,0,75,18,25,78,2149,2,14480009.549185667
444,2,158,1,65,72,95,31,253,1,31697702.594466407
445,2,176,1,75,43,65,15,1477,1,29577036.28406229
446,2,98,1,73,88,57,56,267,1,27003484.97857678
447,1,107,0,66,47,40,72,168,2,26732656.412142854
448,1,109,0,66,16,57,10,1241,22,17123079.856244966
449,1,109,0,84,72,74,10,364,3,60536669.66516483
450,1,148,1,53,61,81,5,133,11,7884869.538045113
451,1,158,0,60,52,76,17,1150,1,10669814.241739132
452,2,94,0,74,64,73,6,288,1,32710736.379305556
453,1,96,0,70,40,51,35,275,1,35373146.91287273
454,1,96,0,70,40,51,35,275,1,35373146.91287273
455,1,96,0,70,40,51,35,275,1,35373146.91287273
456,1,96,0,70,40,51,35,275,1,35373146.91287273
457,1,96,0,70,40,51,35,275,1,35373146.91287273
458,1,96,0,70,40,51,35,275,1,35373146.91287273
459,1,96,0,70,40,51,35,275,1,35373146.91287273
460,1,96,0,70,40,51,35,275,1,35373146.91287273
461,1,96,0,70,40,51,35,275,1,35373146.91287273
462,1,96,0,70,40,51,35,275,1,35373146.91287273
463,1,96,0,70,40,51,35,275,1,35373146.91287273
464,1,100,0,80,29,67,29,434,19,63755808.19870968
465,2,105,1,58,42,68,1,658,1,49128055.66151976
466,1,125,1,53,32,66,38,133,11,7444513.28330827
467,1,170,0,56,56,63,13,168,2,22646759.71595238
468,3,115,1,70,84,90,17,168,1,18805336.262857143
469,1,122,1,64,25,89,0,168,1,24325870.52142857
470,1,105,0,88,82,80,8,270,2,33940794.02681481
471,1,133,1,66,74,84,25,226,1,21057290.772389386
472,2,100,1,79,60,68,7,182,1,25564631.757142857
473,1,120,0,82,55,45,15,259,19,36393309.699150585
474,1,177,1,25,17,30,90,259,1,34944762.711969115
475,1,142,0,64,31,72,15,295,3,34310147.1720678
476,1,144,0,57,47,84,1,2443,1,5987160.927302497
477,2,120,0,65,80,86,9,1554,1,20872757.59722008
478,1,135,1,92,73,51,55,2481,1,1506217.724981862
479,1,107,1,81,82,78,38,520,1,26094316.75876923
480,6,105,1,82,62,74,10,204,1,203706.8674509804
481,2,108,0,44,38,77,9,231,2,24287265.979740266
482,1,147,0,51,62,79,22,3116,1,7715053.920372273
483,3,115,1,71,34,88,16,236,1,41707808.79881356
484,2,174,1,70,57,64,23,449,1,41108351.476971045
485,3,90,0,68,83,71,3,183,1,20122379.132896177
486,1,141,0,41,9,25,84,358,5,28787480.5073743
487,1,82,1,68,50,49,56,3481,1,14052479.99118644
488,1,82,1,68,50,49,56,3481,1,14052479.99118644
489,1,82,1,68,50,49,56,3481,1,14052479.99118644
490,1,82,1,68,50,49,56,3481,1,14052479.99118644
491,1,82,1,68,50,49,56,3481,1,14052479.99118644
492,1,82,1,68,50,49,56,3481,1,14052479.99118644
493,1,82,1,68,50,49,56,3481,1,14052479.99118644
494,1,92,1,47,25,43,62,1211,1,32722369.130371593
495,6,116,0,77,65,80,6,214,1,19940620.691214953
496,2,124,0,79,59,86,4,2233,1,25866746.351115096
497,1,125,0,71,83,89,1,168,1,19503851.821190476
498,1,90,1,80,71,69,2,329,3,51008363.05106384
499,3,83,1,46,34,64,31,443,1,38244820.80993228
500,1,124,0,79,68,79,1,1352,3,51852332.94239645
501,1,140,1,58,4,60,7,3262,1,6036553.2738810545
502,2,154,1,64,61,91,15,301,1,22512723.98112957
503,2,150,0,74,89,70,2,721,1,76600286.80404992
504,1,186,0,41,9,61,2,1281,1,20724317.51491023
505,1,166,0,40,23,48,5,3005,1,5788020.222282862
506,2,107,1,87,20,83,0,295,1,31376910.79945763
507,3,87,1,87,52,52,31,308,1,17197308.07896104
508,1,82,1,40,39,64,21,343,1,25273703.94204082
509,1,114,0,46,60,28,91,217,19,22904907.649769586
510,1,148,1,47,15,52,38,252,3,29762355.83301587
511,1,148,1,47,15,52,38,252,3,29762355.83301587
512,1,140,1,91,97,57,38,359,2,40891133.5950975
513,1,101,1,90,76,81,15,284,1,18080129.966760565
514,3,140,0,81,6,84,5,543,1,4400055.415027624
515,3,88,0,49,24,66,19,224,1,26569312.3825
516,1,180,1,64,44,65,28,770,19,49834411.024259746
517,1,133,1,95,91,89,6,336,2,38836881.24761905
518,1,108,0,63,20,55,72,13815,1,2258174.9890611656
519,1,80,0,39,24,43,39,18452,1,1383404.5766507694
520,1,75,0,80,46,62,3,337,1,18009842.891038578
521,2,121,0,67,26,64,52,714,1,41461054.89927171
522,2,140,0,58,17,62,18,289,1,22481212.37093426
523,1,126,0,81,59,90,5,1044,9,45354174.36417625
524,1,126,0,81,59,90,5,1044,9,45354174.36417625
525,1,102,1,58,29,94,0,275,1,23249389.36916364
526,1,82,1,70,31,34,60,462,1,15016979.563463204
527,1,121,0,46,53,78,23,932,19,26998300.22420601
528,2,103,0,70,92,83,1,1204,1,45571873.19139535
529,1,108,0,82,88,76,9,749,6,54015357.37575434
530,1,85,0,65,36,47,31,303,2,18267127.584422443
531,2,125,0,84,70,69,1,487,1,28926850.664394252
532,1,120,1,69,40,39,41,266,34,39897822.77939849
533,3,94,1,58,44,57,57,362,1,30826773.583093923
534,3,130,0,65,49,80,22,34162,1,80727.67570634038
535,2,110,1,74,51,74,2,4212,1,10690600.768366572
536,1,150,1,34,33,63,16,10486,1,4208591.073946214
537,1,107,0,74,88,65,28,14439,1,2443751.004775954
538,1,140,1,70,85,41,71,23935,1,978268.6253937748
539,1,119,1,74,78,37,84,24300,1,928609.8591654322
540,1,93,1,35,38,23,91,4291,2,5728777.751535773
541,1,133,1,46,53,63,5,3500,2,7254539.622205715
542,1,202,1,24,76,60,77,21823,1,925951.9329459744
543,1,202,1,24,76,60,77,21823,1,925951.9329459744
544,1,202,1,24,76,60,77,21823,1,925951.9329459744
545,1,202,1,24,76,60,77,21823,1,925951.9329459744
546,1,202,1,24,76,60,77,21823,1,925951.9329459744
547,1,202,1,24,76,60,77,21823,1,925951.9329459744
548,1,202,1,24,76,60,77,21823,1,925951.9329459744
549,1,202,1,24,76,60,77,21823,1,925951.9329459744
550,1,202,1,24,76,60,77,21823,1,925951.9329459744
551,1,134,1,45,72,24,91,23251,1,584409.9405083653
552,1,105,1,72,33,51,48,2385,2,8807878.058012579
553,1,160,1,51,69,81,0,3549,1,4162326.634398422
554,1,148,1,50,96,82,47,19248,1,822415.3948129676
555,1,151,1,65,70,47,87,4291,2,3378441.2863668147
556,1,162,0,67,88,54,51,4577,3,4184406.387965917
557,1,92,1,53,84,77,40,21784,1,565459.7993665076
558,1,152,1,65,35,65,44,217,19,13846598.96202765
559,1,65,0,71,55,26,85,217,19,15549516.787465438
560,4,147,1,33,39,61,32,18853,1,743510.3527184003
561,2,150,0,73,71,69,53,218,1,13126312.503853211
562,1,140,1,67,81,36,64,26127,1,460894.93987981783
563,1,139,1,36,22,15,84,28014,2,423526.0435553653
564,1,95,1,75,74,58,36,15946,1,771097.327497805
565,1,115,1,60,23,57,0,14110,1,1039182.80032601
566,1,115,1,60,23,57,0,14110,1,1039182.80032601
567,2,125,1,62,59,43,84,217,1,15440690.0
568,1,76,1,60,19,20,78,217,19,12357273.145806452
569,1,101,0,72,91,87,14,14439,1,741313.3711365053
570,2,143,1,60,86,32,88,26857,1,536384.4878847228
571,1,119,0,51,51,66,67,217,19,10377836.677050691
572,2,78,1,67,22,59,76,218,1,21734430.60880734
573,3,96,1,23,19,25,91,29779,1,404372.27892944694
574,1,180,1,51,87,58,36,13708,1,953758.7640735336
575,1,126,1,34,35,76,39,21784,1,339232.097666177
576,1,150,1,43,42,44,57,217,19,9168862.9802765
577,1,90,1,53,47,74,9,217,19,9474297.8
578,1,160,1,72,78,68,28,217,19,8699818.491059909
579,2,114,1,59,60,94,24,2072,1,1993930.7416602315
580,3,113,1,73,72,32,77,23935,1,376444.2601178191
581,1,147,1,67,69,72,17,8284,1,959488.1208015452
582,2,100,0,70,92,59,3,252,1,16511229.64904762
583,1,155,1,49,42,77,3,224,1,18428623.46089286
584,1,155,1,49,42,77,3,224,1,18428623.46089286
585,1,107,0,54,41,39,51,588,19,18466410.31408163
586,2,112,1,80,15,54,9,224,1,15036543.555714289
587,1,166,1,70,57,57,9,256,2,35894212.3271875
588,1,107,0,69,96,36,81,23570,2,164052.76387781076
589,1,81,1,47,33,68,24,217,19,8016024.430967743
590,1,150,1,79,77,46,5,217,19,7977621.074470047
591,2,110,1,66,19,32,69,266,1,37012887.91488722
592,1,108,1,64,4,40,6,266,34,36359359.9968421
593,4,130,0,89,48,74,30,289,1,12233334.74062284
594,1,164,1,70,39,56,6,266,34,37558806.885413535
595,2,114,0,80,42,68,2,434,2,42660092.199723504
596,2,93,1,63,93,88,1,6506,1,844878.3323578236
597,2,90,0,87,51,69,36,749,1,32890925.36902537
598,1,128,1,45,35,68,78,218,19,6878736.389174312
599,2,97,1,83,47,80,2,434,1,43103817.27207374
600,1,152,0,69,94,71,79,23935,1,312031.8733052016
601,1,175,1,51,94,34,73,24300,1,223803.47209711935
602,1,116,1,61,48,55,67,217,19,7244114.706912443
603,2,80,0,33,51,59,76,224,1,10618660.790714286
604,2,93,0,63,34,86,26,323,1,30377440.33399381
605,1,122,1,70,42,54,30,700,1,43816746.198228575
606,1,122,1,70,91,79,3,553,22,17988379.451211575
607,1,135,0,70,60,58,4,553,22,21536512.91486438
608,3,109,1,60,45,47,62,555,1,19173667.314594597
609,1,93,0,65,82,74,27,553,22,18696644.435587704
610,2,125,0,85,64,81,2,693,1,29639376.871341992
611,7,206,0,58,83,45,36,602,1,21880391.73740864
612,1,130,1,76,44,77,1,750,1,53163965.18224001
613,1,121,0,80,62,51,2,553,22,6563497.900614829
614,1,123,0,74,35,73,0,553,22,6434981.81692586
615,1,122,0,67,50,67,15,2212,1,12220682.837468356
616,1,143,1,53,50,79,0,553,22,11045419.37294756
617,1,121,0,70,35,77,1,707,22,5625406.850523339
618,1,166,0,56,68,66,28,791,7,72618818.21860936
619,3,135,1,41,27,64,36,553,1,4849694.63493671
620,1,87,0,49,49,59,44,553,22,5565895.321808319
621,2,111,1,77,74,66,30,826,1,58059583.31094431
622,2,110,1,75,85,84,10,553,1,5045225.01164557
623,1,130,1,66,19,61,30,763,6,41593423.77394496
624,1,179,0,61,76,51,30,1029,3,51338044.374577254
625,1,93,0,74,53,73,61,1449,1,15269113.164858524
626,1,78,0,27,10,49,62,553,22,2968782.1545027127
627,1,180,1,65,37,58,2,602,1,13539152.652358806
628,1,86,0,28,13,41,50,553,22,4106452.659385172
629,1,88,0,74,55,85,1,665,3,42148972.07993985
630,2,97,1,68,72,78,4,616,1,26664415.91142857
631,1,134,0,71,59,80,13,2044,4,20369936.86414873
632,2,116,1,75,36,76,12,1026,1,17154626.83883041
633,3,170,0,64,14,70,9,647,1,36487636.27771253
634,1,140,0,83,40,55,16,672,1,39120181.88845238
635,1,140,0,83,40,55,16,672,1,39120181.88845238
636,1,140,0,83,40,55,16,672,1,39120181.88845238
637,1,140,0,83,40,55,16,672,1,39120181.88845238
638,1,140,0,83,40,55,16,672,1,39120181.88845238
639,1,140,0,83,40,55,16,672,1,39120181.88845238
640,1,140,0,83,40,55,16,672,1,39120181.88845238
641,1,140,0,83,40,55,16,672,1,39120181.88845238
642,1,140,0,83,40,55,16,672,1,39120181.88845238
643,1,140,0,83,40,55,16,672,1,39120181.88845238
644,1,140,0,83,40,55,16,672,1,39120181.88845238
645,1,140,0,83,40,55,16,672,1,39120181.88845238
646,1,140,0,83,40,55,16,672,1,39120181.88845238
647,1,140,0,83,40,55,16,672,1,39120181.88845238
648,1,140,0,83,40,55,16,672,1,39120181.88845238
649,1,140,0,83,40,55,16,672,1,39120181.88845238
650,1,140,0,83,40,55,16,672,1,39120181.88845238
651,1,140,0,83,40,55,16,672,1,39120181.88845238
652,1,140,0,83,40,55,16,672,1,39120181.88845238
653,2,118,0,75,46,76,3,617,1,32364770.634165313
654,1,65,1,31,31,24,76,714,5,45052907.240616255
655,2,120,0,56,16,67,0,630,1,29570007.26076191
656,2,176,1,29,12,33,68,784,1,47789862.68872449
657,1,180,0,59,69,61,84,672,1,26407668.46309524
658,1,144,1,59,21,43,76,917,7,61681471.55677208
659,3,133,0,82,52,61,38,591,1,12396674.496717429
660,1,93,1,63,21,52,28,609,34,29174765.998489324
661,1,122,1,77,25,62,34,553,22,3512078.5221699825
662,1,88,1,53,55,73,9,602,4,23574047.094285715
663,1,88,1,53,55,73,9,602,4,23574047.094285715
664,1,88,1,53,55,73,9,602,4,23574047.094285715
665,4,170,0,70,61,44,40,555,1,12995438.218378378
666,1,94,0,46,55,50,71,553,22,2307740.9494394218
667,1,170,1,65,46,47,12,603,1,11371293.309054729
668,3,90,0,79,79,70,57,625,1,19151886.388224
669,1,78,1,40,7,29,62,590,3,14817625.248474576
670,1,94,1,57,36,58,5,1953,3,9348184.88
671,1,94,1,57,36,58,5,1953,3,9348184.88
672,1,73,1,83,11,41,0,622,1,16775250.365659166
673,2,176,1,73,79,86,42,710,1,28888037.007661976
674,1,128,0,81,57,63,40,984,2,36151917.41939024
675,3,120,1,58,44,60,44,1414,1,11636512.719575671
676,3,82,1,63,85,62,6,616,2,18953354.716103896
677,3,95,1,77,40,47,2,1218,1,13258424.482200328
678,1,118,1,44,52,94,11,553,22,2053624.801952984
679,1,123,0,75,93,86,8,630,2,24684270.28419048
680,3,90,1,63,49,68,38,847,1,51965128.879386075
681,2,110,0,73,14,57,40,987,2,54383780.57114489
682,2,96,0,66,76,82,47,562,1,20267595.84391459
683,1,88,0,56,58,55,35,551,1,6011159.164428312
684,3,98,0,73,60,85,17,674,1,19722561.639940653
685,3,110,0,72,67,68,0,658,1,19477927.631428573
686,1,80,1,70,57,49,19,1092,1,13980703.443992674
687,3,110,0,86,31,53,43,666,1,16182801.157297298
688,1,110,1,79,70,36,0,784,8,44403877.36464286
689,3,78,0,77,49,42,1,553,1,17140810.458155517
690,2,129,1,83,44,62,2,750,1,27300875.000000004
691,1,181,1,44,22,60,61,834,7,45874636.929352514
692,1,114,0,75,74,77,1,1057,8,48752899.59931883
693,1,144,1,74,39,65,5,616,1,12111544.337727273
694,2,101,1,66,18,68,9,1645,2,12707716.612206688
695,2,84,1,67,78,63,29,631,1,12610851.753660856
696,3,154,1,66,63,69,21,736,1,25230691.172880437
697,3,148,1,59,72,62,18,861,2,39451118.623554006
698,3,146,0,85,22,37,13,679,1,26651048.55976436
699,2,120,0,77,51,79,20,712,1,24238907.96101124
700,2,136,0,77,82,30,95,610,1,18698490.57967213
701,3,141,1,59,56,63,12,602,1,9351306.95202658
702,1,108,0,46,23,48,75,553,22,1759221.2318987343
703,1,94,1,42,47,36,76,602,2,8448182.996544851
704,1,180,1,35,41,94,0,2987,1,8401523.7482156
705,1,122,1,77,51,79,5,681,1,16246629.988957414
706,1,85,1,59,33,52,7,2814,3,12196209.477299215
707,1,85,1,59,33,52,7,2814,3,12196209.477299215
708,2,148,1,68,29,73,0,553,1,3340194.9062567814
709,1,120,1,83,59,73,6,590,4,12781598.434305089
710,2,91,0,70,76,72,22,1085,1,47677243.42569585
711,2,120,1,72,54,71,26,602,1,7827320.919003323
712,1,106,1,86,86,79,11,604,1,10023176.559205296
713,1,110,1,63,31,35,93,553,2,6848032.965786619
714,1,169,1,39,36,45,81,784,7,33026171.29561225
715,1,118,1,80,21,55,1,684,3,16747920.223976608
716,1,92,0,91,79,66,32,749,6,21002568.819599465
717,1,112,1,45,19,60,63,1351,3,36231604.00760918
718,1,140,1,79,56,91,26,931,1,16569653.951364126
719,1,105,1,73,52,76,13,4610,4,9724951.872911064
720,1,105,1,73,52,76,13,4610,4,9724951.872911064
721,1,105,1,73,52,76,13,4610,4,9724951.872911064
722,1,178,1,76,63,77,14,736,1,21243642.72630435
723,2,108,0,96,71,42,57,568,1,14002748.50584507
724,1,173,1,40,19,29,86,784,7,30428607.55821429
725,3,101,1,67,40,90,3,798,1,16123704.016942356
726,1,120,0,80,24,62,41,1290,1,25068063.386542633
727,1,144,1,73,66,80,44,994,2,38358193.4548491
728,1,133,1,75,96,61,0,847,4,30586287.84760331
729,2,158,0,46,62,83,53,630,1,12750713.432952382
730,1,120,1,81,92,90,9,651,2,16174049.17075269
731,1,129,1,61,59,46,56,1239,1,23380022.202615015
732,2,102,1,74,45,89,5,2429,1,11991345.696599424
733,4,124,0,79,79,84,2,700,1,18589534.23108571
734,1,90,0,73,31,45,85,2641,1,1805634.4797576675
735,1,161,0,78,65,52,46,821,1,23154994.532375153
736,1,120,1,60,11,33,90,2297,5,10306999.743456684
737,1,81,1,45,12,57,7,716,5,17549559.212905027
738,1,150,0,78,47,70,18,1655,1,20939668.82682779
739,2,105,1,76,58,84,10,680,1,15901281.89264706
740,1,79,1,63,76,67,38,703,1,12566940.790099574
741,1,79,1,63,76,67,38,703,1,12566940.790099574
742,1,146,0,52,7,61,51,4666,4,6934504.877051008
743,1,124,1,64,8,37,79,1183,2,30365250.21856298
744,1,126,1,53,66,85,2,3481,2,12732869.666061476
745,1,121,1,75,53,74,2,707,22,18630069.373352192
746,3,136,0,80,33,60,0,679,1,21964583.671929307
747,1,102,0,77,26,63,58,749,2,18936987.43401869
748,3,77,1,73,54,74,23,625,1,59588425.880895995
749,1,98,0,82,54,59,69,1526,1,57145647.76912189
750,1,84,0,44,22,48,38,2220,2,31381927.558036037
751,2,102,1,89,77,82,3,897,1,24461460.10207358
752,1,120,1,42,33,26,92,3634,1,17474303.950654924
753,1,117,1,52,73,91,0,11630,2,4423858.357513327
754,1,117,1,52,73,91,0,11630,2,4423858.357513327
755,1,117,1,52,73,91,0,11630,2,4423858.357513327
756,1,117,1,52,73,91,0,11630,2,4423858.357513327
757,1,117,1,52,73,91,0,11630,2,4423858.357513327
758,1,117,1,52,73,91,0,11630,2,4423858.357513327
759,1,72,0,45,27,33,82,1590,1,18978787.332125787
760,2,168,1,67,29,47,5,679,1,26625702.93360825
761,2,94,1,52,68,69,13,610,1,10028865.94590164
762,1,145,1,41,65,88,0,550,1,3930355.628145455
763,1,145,1,41,65,88,0,550,1,3930355.628145455
764,2,134,1,71,14,61,1,686,1,24858863.71720117
765,1,148,1,35,24,93,0,7234,1,7602079.473287256
766,1,148,1,35,24,93,0,7234,1,7602079.473287256
767,1,148,1,35,24,93,0,7234,1,7602079.473287256
768,1,148,1,35,24,93,0,7234,1,7602079.473287256
769,1,148,1,35,24,93,0,7234,1,7602079.473287256
770,1,148,1,35,24,93,0,7234,1,7602079.473287256
771,1,127,0,60,40,89,9,550,3,4280294.089527273
772,3,172,0,74,79,66,11,750,1,21451867.679093335
773,1,90,1,75,19,46,21,1345,6,19591140.931360595
774,2,96,1,57,30,40,38,1751,1,37538842.462752715
775,1,138,0,74,65,67,46,550,3,11698506.758836364
776,2,120,1,72,67,72,0,807,1,24583332.72173482
777,1,125,1,70,65,74,1,735,8,25194133.90628571
778,4,123,1,82,80,86,1,910,1,28893131.958373625
779,1,81,1,79,44,54,41,826,1,29386110.631719127
780,2,171,1,55,10,85,7,7719,1,6687067.481383599
781,1,91,1,77,60,32,84,1393,1,38450287.070753776
782,8,84,0,56,61,76,10,701,1,9697373.4535806
783,2,115,0,90,74,54,16,553,1,3024073.1393128396
784,2,125,1,69,70,89,4,562,1,12289613.72519573
785,2,122,0,80,62,69,28,638,1,12324671.154733544
786,2,92,1,85,92,54,16,806,1,22514726.575186104
787,3,90,0,63,75,75,17,603,1,8941682.809883915
788,2,94,0,84,90,70,9,519,1,42028988.47105973
789,2,93,1,81,53,78,18,8960,2,4112795.5786026786
790,1,130,0,51,50,76,30,518,2,14478197.76756757
791,1,180,0,35,23,61,23,518,1,29165478.61034749
792,2,134,1,53,31,31,92,518,1,8626001.345096525
793,2,95,0,92,31,89,3,8960,2,2864991.886089286
794,1,184,1,69,91,63,11,541,2,28152236.61826248
795,3,147,0,47,50,80,10,518,1,6302811.906718147
796,2,123,1,52,44,60,40,527,1,7802294.851764706
797,1,123,0,91,49,61,3,4212,2,5942302.29331434
798,1,90,0,90,79,71,26,7864,1,4655503.335071211
799,1,160,0,61,65,64,1,525,2,19898892.045257144
800,1,115,1,60,37,71,8,3619,1,2025155.7636584693
801,2,141,1,37,17,67,2,1440,1,9009496.545277778
802,1,160,1,31,30,88,7,2534,1,5058945.732391476
803,1,145,1,57,23,66,4,1379,7,12248308.35474982
804,1,89,0,46,43,43,23,1484,7,9594076.861617252
805,3,95,0,84,49,72,8,1085,1,9188055.358193548
806,1,160,1,60,47,62,3,581,2,9714003.788502583
807,7,174,0,67,74,75,44,546,1,13681284.035677657
808,3,92,1,77,76,84,3,10060,1,1753159.8531292249
809,2,134,1,93,61,74,9,8960,2,2293326.0531651787
810,2,172,0,31,4,86,1,602,1,12786377.216744186
811,1,80,1,76,92,62,6,574,2,12303069.92390244
812,1,150,0,91,42,60,0,2297,12,25573446.611493256
813,2,80,0,78,53,74,4,8636,1,3238974.6186243636
814,2,166,0,81,83,75,14,1275,1,28193320.697631378
815,1,120,1,67,8,54,27,2109,1,7201683.772119489
816,1,92,1,86,89,79,17,1231,19,16940361.97562957
817,1,85,0,74,61,52,30,532,1,14803148.918195488
818,2,154,0,79,86,52,66,545,1,7994791.649027524
819,2,92,0,73,37,74,28,630,1,10135480.739746032
820,2,140,1,89,75,70,6,518,2,3802918.150810811
821,1,89,1,65,60,60,11,518,2,2982098.6733590737
822,1,89,1,65,60,60,11,518,2,2982098.6733590737
823,1,89,1,65,60,60,11,518,2,2982098.6733590737
824,1,89,1,65,60,60,11,518,2,2982098.6733590737
825,1,89,1,65,60,60,11,518,2,2982098.6733590737
826,1,135,0,89,89,86,16,532,1,8818418.735263158
827,1,140,0,51,66,53,60,602,1,9168823.955681063
828,1,82,1,47,44,76,8,2912,1,3868437.284052198
829,1,79,1,78,58,45,47,3481,9,19942669.302062627
830,1,79,1,78,58,45,47,3481,9,19942669.302062627
831,1,88,1,31,31,63,47,1379,7,12447573.097839016
832,1,139,1,44,18,38,70,567,1,17051884.837037038
833,1,139,1,44,18,38,70,567,1,17051884.837037038
834,1,139,1,44,18,38,70,567,1,17051884.837037038
835,1,139,1,44,18,38,70,567,1,17051884.837037038
836,1,139,1,44,18,38,70,567,1,17051884.837037038
837,1,139,1,44,18,38,70,567,1,17051884.837037038
838,1,139,1,44,18,38,70,567,1,17051884.837037038
839,1,139,1,44,18,38,70,567,1,17051884.837037038
840,1,139,1,44,18,38,70,567,1,17051884.837037038
841,1,139,1,44,18,38,70,567,1,17051884.837037038
842,1,139,1,44,18,38,70,567,1,17051884.837037038
843,1,139,1,44,18,38,70,567,1,17051884.837037038
844,1,139,1,44,18,38,70,567,1,17051884.837037038
845,1,139,1,44,18,38,70,567,1,17051884.837037038
846,2,124,0,73,68,83,55,546,1,16263082.79692308
847,1,80,0,39,45,55,73,1379,7,4496031.485714286
848,2,120,0,84,54,51,47,525,2,4716793.672
849,1,80,0,56,19,46,92,1379,7,6244353.636229152
850,2,117,1,92,62,86,11,525,2,3756466.6379428576
851,2,117,0,76,77,52,4,1486,1,50900205.399676986
852,2,140,0,62,46,73,10,1520,3,9240898.91976316
853,1,99,1,68,57,77,2,1316,17,33289502.44033435
854,2,93,1,74,59,87,3,1231,2,18773611.17345248
855,1,106,1,44,8,20,74,11616,2,966047.7340977964
856,1,106,1,44,8,20,74,11616,2,966047.7340977964
857,1,106,1,44,8,20,74,11616,2,966047.7340977964
858,1,106,1,44,8,20,74,11616,2,966047.7340977964
859,1,106,1,44,8,20,74,11616,2,966047.7340977964
860,1,106,1,44,8,20,74,11616,2,966047.7340977964
861,2,124,1,81,68,63,17,490,1,18614027.19934694
862,2,95,1,76,96,70,18,497,1,46358710.51162978
863,1,96,0,87,82,53,10,539,1,38542753.11925789
864,1,92,0,81,40,73,15,610,1,27255829.53868853
865,1,124,1,95,36,37,35,498,1,14026440.876305224
866,1,124,1,95,36,37,35,498,1,14026440.876305224
867,1,124,1,95,36,37,35,498,1,14026440.876305224
868,1,124,1,95,36,37,35,498,1,14026440.876305224
869,1,124,1,95,36,37,35,498,1,14026440.876305224
870,1,124,1,95,36,37,35,498,1,14026440.876305224
871,1,124,1,95,36,37,35,498,1,14026440.876305224
872,1,124,1,95,36,37,35,498,1,14026440.876305224
873,1,124,1,95,36,37,35,498,1,14026440.876305224
874,1,124,1,95,36,37,35,498,1,14026440.876305224
875,1,124,1,95,36,37,35,498,1,14026440.876305224
876,1,124,1,95,36,37,35,498,1,14026440.876305224
877,1,124,1,95,36,37,35,498,1,14026440.876305224
878,1,124,1,95,36,37,35,498,1,14026440.876305224
879,1,124,1,95,36,37,35,498,1,14026440.876305224
880,1,124,1,95,36,37,35,498,1,14026440.876305224
881,1,124,1,95,36,37,35,498,1,14026440.876305224
882,1,124,1,95,36,37,35,498,1,14026440.876305224
883,1,124,1,95,36,37,35,498,1,14026440.876305224
884,1,124,1,95,36,37,35,498,1,14026440.876305224
885,1,124,1,95,36,37,35,498,1,14026440.876305224
886,1,124,1,95,36,37,35,498,1,14026440.876305224
887,1,72,1,64,76,44,70,498,1,12388558.485783134
888,1,72,1,64,76,44,70,498,1,12388558.485783134
889,1,72,1,64,76,44,70,498,1,12388558.485783134
890,1,71,0,28,26,20,19,525,7,7068642.34217143
891,2,135,0,78,55,57,4,528,1,12001087.551439391
892,1,95,1,81,56,70,4,7010,1,2288571.644673324
893,2,71,0,59,70,74,56,498,1,5783385.269638554
894,1,180,0,80,71,68,6,805,2,14899730.928447206
895,1,150,0,65,11,58,0,511,3,11523350.61409002
896,1,189,1,55,86,44,40,511,1,17849885.4237182
897,1,85,1,72,55,64,49,514,1,10836299.415486382
898,1,85,1,72,55,64,49,514,1,10836299.415486382
899,1,85,1,72,55,64,49,514,1,10836299.415486382
900,1,85,1,72,55,64,49,514,1,10836299.415486382
901,1,140,1,59,73,45,44,511,1,19047763.99702544
902,2,81,1,77,68,70,6,3650,1,909793.8307178082
903,2,104,0,80,24,65,2,504,1,9255262.612619048
904,1,129,1,42,33,44,62,679,2,15517130.264506629
905,1,94,0,76,81,80,20,1231,19,7730497.345832657
906,1,71,0,41,23,40,27,17423,1,3838432.24868048
907,1,71,0,41,23,40,27,17423,1,3838432.24868048
908,1,71,0,41,23,40,27,17423,1,3838432.24868048
909,1,71,0,41,23,40,27,17423,1,3838432.24868048
910,1,146,0,59,23,46,66,1946,2,18783458.662569378
911,1,103,0,69,90,88,5,1204,3,20155023.639634553
912,1,124,1,53,66,78,0,3846,2,15597320.634602183
913,1,164,0,70,71,58,24,784,7,25849366.818265308
914,1,138,1,69,35,57,12,672,2,11948562.013690475
915,1,126,0,67,37,46,13,1009,1,10241399.315480674
916,2,103,0,61,47,65,3,2333,1,28757915.71381055
917,2,95,1,75,64,52,41,2600,1,30337256.383138463
918,1,200,0,39,28,77,4,507,1,8131999.94974359
919,2,129,1,86,75,52,54,4577,1,9690915.483993884
920,2,98,0,68,33,43,38,1477,1,4881780.417522004
921,1,107,1,91,32,56,3,462,3,45760497.98943723
922,1,174,1,58,56,83,5,478,2,15325781.993054394
923,1,92,1,45,27,67,32,512,1,25051475.884843748
924,1,92,1,45,27,67,32,512,1,25051475.884843748
925,2,90,1,81,59,83,9,476,2,22366128.357226893
926,1,147,1,60,58,69,2,470,3,16523120.273276595
927,1,143,1,68,41,55,16,469,1,12395462.599488271
928,1,101,0,76,63,71,3,3106,1,9057451.430560209
929,1,101,0,76,63,71,3,3106,1,9057451.430560209
930,1,101,0,76,63,71,3,3106,1,9057451.430560209
931,1,101,0,76,63,71,3,3106,1,9057451.430560209
932,1,101,0,76,63,71,3,3106,1,9057451.430560209
933,1,101,0,76,63,71,3,3106,1,9057451.430560209
934,1,101,0,76,63,71,3,3106,1,9057451.430560209
935,1,101,0,76,63,71,3,3106,1,9057451.430560209
936,1,101,0,76,63,71,3,3106,1,9057451.430560209
937,1,101,0,76,63,71,3,3106,1,9057451.430560209
938,1,101,0,76,63,71,3,3106,1,9057451.430560209
939,1,101,0,76,63,71,3,3106,1,9057451.430560209
940,1,101,0,76,63,71,3,3106,1,9057451.430560209
941,1,118,0,70,54,71,0,465,4,20016497.113376345
942,3,98,0,83,63,74,14,483,1,17205563.07122153
943,1,138,0,72,22,46,24,464,2,5875872.03724138
944,1,114,0,59,30,62,1,3116,1,6617377.1457638005
945,2,180,0,63,45,64,34,463,1,4962193.956717063
946,1,145,1,56,41,57,1,673,2,18492111.29913819
947,3,115,0,78,63,64,1,530,1,10784523.90573585
948,3,82,1,79,48,84,13,470,1,11561525.530638298
949,1,166,1,70,22,61,2,462,2,6706027.3391342
950,3,92,1,86,91,79,29,471,1,7650803.430488323
951,1,108,1,71,55,44,74,462,2,9643492.80779221
952,1,84,0,71,63,45,45,476,1,8086040.096722689
953,1,95,0,69,90,91,6,476,2,10103438.754453782
954,4,135,0,93,77,45,25,484,1,11087382.015785124
955,1,110,1,57,6,27,84,1309,17,23793595.268724214
956,2,88,1,89,59,64,5,9728,1,334605.6514268092
957,1,119,0,87,28,50,12,471,1,8995880.333927814
958,1,120,1,58,71,80,15,483,2,13375637.879089028
959,1,122,1,86,97,80,36,2485,3,21001652.305480886
960,2,98,1,78,83,75,41,483,1,12456060.289440991
961,1,140,0,45,25,84,21,1309,17,18766663.766019862
962,3,116,0,79,87,81,4,3846,1,7390885.922964119
963,1,124,1,86,62,49,51,749,6,20308665.36662216
964,6,105,0,91,73,72,13,504,1,7298784.641031746
965,1,118,1,68,24,58,44,465,1,3529020.224172043
966,1,108,1,61,20,38,61,3311,9,20563023.8145817
967,1,108,1,61,20,38,61,3311,9,20563023.8145817
968,1,100,1,61,53,38,84,2804,3,23050480.71957204
969,1,140,0,81,39,66,38,427,12,21474962.972271662
970,1,109,0,84,72,74,10,456,3,48323131.04850878
971,3,101,0,78,40,74,36,427,1,16920298.985105388
972,1,78,1,56,61,90,36,434,19,32372907.736405533
973,1,93,0,79,22,55,31,434,19,29263810.67419355
974,1,87,1,52,32,83,24,427,12,11184976.39737705
975,2,153,0,55,50,78,19,427,1,9075623.9793911
976,1,142,1,87,93,59,28,434,19,21961218.342580646
977,1,96,0,85,41,43,39,427,12,12382887.562997658
978,2,125,1,50,39,78,4,428,1,19321313.557102803
979,1,85,1,71,43,65,23,434,19,21437776.73170507
980,2,140,0,92,78,57,46,427,1,8783880.247025762
981,2,196,0,66,58,79,23,434,1,33642207.97225807
982,1,134,1,78,51,43,69,427,12,8995918.514660422
983,2,103,0,80,45,62,76,434,1,24131477.139447007
984,1,130,1,82,50,67,12,434,19,23736326.7321659
985,2,108,1,65,52,69,31,427,1,4911436.541826698
986,3,123,1,61,66,71,53,427,1,6143382.977985948
987,1,152,1,84,74,69,21,434,19,28281955.358341016
988,2,108,1,78,55,60,59,434,1,22412449.75059908
989,1,72,0,56,56,47,76,427,12,4401313.112786885
990,1,121,0,86,67,65,42,434,19,19874315.347557604
991,3,138,0,57,71,82,19,427,1,5477195.09470726
992,1,188,0,50,41,50,69,434,19,19872428.628663596
993,2,110,1,80,26,85,23,515,1,18190268.763961166
994,1,105,1,81,77,79,19,434,19,19620329.24792627
995,1,118,1,63,60,70,5,434,19,14893989.704147466
996,2,176,1,61,24,62,60,1505,1,26380941.348385382
997,1,158,1,83,41,65,0,434,3,10555874.135023044
998,1,115,0,85,72,58,9,434,19,17262975.550046083
999,1,110,0,51,48,82,0,2737,1,6482412.470208257
1000,2,174,1,73,26,54,30,427,1,4183712.451990632
1001,2,130,1,91,91,96,3,441,1,14640825.160544218
1002,1,78,1,36,30,54,34,441,1,26381307.034829933
1003,1,104,1,44,74,42,88,427,12,2937786.998313817
1004,1,121,1,64,80,88,0,427,4,16514440.754192038
1005,1,105,1,83,32,82,14,491,1,3330991.1718126275
1006,1,81,1,38,20,66,9,448,2,16629286.183660716
1007,1,170,0,37,14,24,80,427,12,3028713.7733957847
1008,1,78,1,43,60,38,76,427,12,2693133.589508197
1009,1,125,1,88,28,66,6,441,2,17547433.357732426
1010,1,125,1,88,28,66,6,441,2,17547433.357732426
1011,1,125,1,88,28,66,6,441,2,17547433.357732426
1012,1,125,1,88,28,66,6,441,2,17547433.357732426
1013,1,125,1,88,28,66,6,441,2,17547433.357732426
1014,1,92,0,66,29,65,23,427,12,3821285.542576112
1015,1,140,0,84,61,42,31,448,1,10873855.414017858
1016,1,140,0,84,61,42,31,448,1,10873855.414017858
1017,1,140,0,84,61,42,31,448,1,10873855.414017858
1018,1,140,0,84,61,42,31,448,1,10873855.414017858
1019,1,140,0,84,61,42,31,448,1,10873855.414017858
1020,1,140,0,84,61,42,31,448,1,10873855.414017858
1021,1,140,0,84,61,42,31,448,1,10873855.414017858
1022,2,96,1,61,32,90,25,445,1,11229502.675865168
1023,1,118,0,66,83,43,84,427,12,2644186.3546604216
1024,2,92,0,71,67,60,7,523,1,16544101.120611856
1025,2,140,0,49,50,37,87,427,1,2379698.968992974
1026,2,174,1,68,45,71,18,469,1,11982749.355906185
1027,2,127,1,77,53,78,19,534,1,17157164.034531835
1028,2,96,1,71,37,52,62,434,1,8492189.635760369
1029,2,150,0,82,82,66,13,441,1,7380124.85079365
1030,1,100,1,87,46,60,1,457,1,9125093.050765865
1031,1,100,1,87,46,60,1,457,1,9125093.050765865
1032,1,100,1,87,46,60,1,457,1,9125093.050765865
1033,1,100,1,87,46,60,1,457,1,9125093.050765865
1034,1,100,1,87,46,60,1,457,1,9125093.050765865
1035,1,105,0,73,59,81,13,567,1,3528244.5664903
1036,1,105,0,73,59,81,13,567,1,3528244.5664903
1037,1,105,0,73,59,81,13,567,1,3528244.5664903
1038,1,104,1,86,43,62,5,438,2,15949576.746301372
1039,1,154,1,54,45,79,1,478,1,11816251.99238494
1040,1,80,1,47,33,83,18,507,1,3283112.744299803
1041,2,150,1,53,14,43,64,446,1,16419857.575067263
1042,1,156,0,32,49,72,0,9236,1,4234912.623161541
1043,1,98,0,76,79,81,18,432,12,5032699.033703704
1044,1,92,1,58,27,36,86,1345,1,5542386.46935316
1045,1,144,1,47,7,50,32,434,34,9270310.87327189
1046,1,150,1,37,27,56,8,2093,1,2686320.735652174
1047,1,138,1,70,31,44,84,704,1,7991642.7539204545
1048,1,172,1,56,68,89,4,399,8,23040306.14546366
1049,1,77,1,72,70,82,2,399,8,25243163.34726817
1050,1,107,1,72,36,72,26,420,17,24260214.12304762
1051,1,114,1,51,39,29,90,420,17,26541828.81314286
1052,1,117,1,63,29,51,43,399,8,8738821.778145364
1053,1,146,1,69,63,45,48,420,17,21078482.689904764
1054,1,160,0,80,74,60,8,434,6,31457062.963317975
1055,4,120,1,88,15,56,1,399,1,10427149.82897243
1056,3,100,0,82,76,70,16,413,1,14049942.78401937
1057,1,158,0,60,68,84,4,399,8,6034235.636090226
1058,1,142,1,56,40,54,72,420,17,19800109.954666667
1059,4,170,0,80,77,85,11,420,1,24145187.37857143
1060,2,84,0,71,39,86,2,413,1,14365225.341985472
1061,1,139,1,58,30,46,14,420,17,22575057.24504762
1062,1,151,1,73,88,67,20,15169,1,393154.39101852465
1063,2,128,0,82,42,75,6,401,1,18864589.474214464
1064,1,118,1,56,20,54,67,420,17,16935602.966000002
1065,1,183,1,65,88,72,36,420,17,14465369.49752381
1066,1,83,0,63,29,62,4,400,1,6984554.1143000005
1067,2,122,1,85,42,80,6,511,1,22864906.75726027
1068,1,165,1,72,90,48,32,420,17,17108780.90942857
1069,1,106,0,83,90,64,35,420,17,13715167.290285716
1070,2,77,1,81,68,58,83,415,1,11797908.867566263
1071,1,91,1,57,30,89,10,3481,1,5150186.160034473
1072,1,148,1,51,21,63,5,437,2,16602710.739405034
1073,1,114,0,71,90,81,31,420,17,13604005.77352381
1074,2,120,0,91,63,77,12,399,1,22529185.740451127
1075,2,92,1,83,56,82,10,407,1,10346191.991449632
1076,1,118,1,56,25,45,1,2437,1,5565767.200574477
1077,3,123,0,60,46,71,3,483,1,18071117.28662526
1078,1,89,1,52,28,48,54,1766,3,19345850.28620612
1079,1,89,1,52,28,48,54,1766,3,19345850.28620612
1080,1,110,0,81,61,93,49,407,2,11752455.446683047
1081,1,118,1,42,32,20,94,420,17,9934378.46904762
1082,1,90,0,68,54,76,21,790,1,7061819.757265824
1083,1,130,1,49,14,40,82,427,1,13174576.7147541
1084,1,154,0,70,97,62,47,427,1,11752284.039718969
1085,1,105,0,54,59,83,0,13647,1,1570672.478194475
1086,1,115,0,70,87,88,4,388,3,27820823.4643299
1087,5,110,1,91,59,82,8,393,1,21665641.961119596
1088,1,125,0,51,5,68,12,392,4,15191164.855816329
1089,1,125,0,51,5,68,12,392,4,15191164.855816329
1090,1,125,0,51,5,68,12,392,4,15191164.855816329
1091,1,125,0,51,5,68,12,392,4,15191164.855816329
1092,1,102,1,73,62,75,0,399,1,16917692.73754386
1093,1,120,0,81,72,65,4,523,1,15323622.299808796
1094,1,120,0,81,72,65,4,523,1,15323622.299808796
1095,1,120,0,81,72,65,4,523,1,15323622.299808796
1096,1,120,0,81,72,65,4,523,1,15323622.299808796
1097,1,97,1,80,36,86,4,385,1,16880773.11366234
1098,2,140,0,44,41,92,0,477,1,8322781.763689728
1099,1,97,1,78,31,72,1,378,1,12546094.27121693
1100,1,125,1,45,67,90,9,13343,1,3544066.4561402984
1101,1,88,0,80,55,56,13,428,2,20871777.94420561
1102,1,170,1,56,52,64,11,482,2,44925309.44356847
1103,1,137,0,88,8,49,9,392,4,14866592.531836735
1104,1,137,0,88,8,49,9,392,4,14866592.531836735
1105,1,137,0,88,8,49,9,392,4,14866592.531836735
1106,1,137,0,88,8,49,9,392,4,14866592.531836735
1107,3,157,1,88,52,69,0,378,1,6919462.318730159
1108,3,130,1,95,83,57,54,406,1,13203455.11546798
1109,3,90,1,85,80,83,10,373,1,9890082.982949063
1110,1,183,0,44,44,67,7,385,1,10416502.771428572
1111,1,128,1,58,68,91,2,438,1,17012346.952694066
1112,3,130,0,71,78,40,46,399,1,9865513.061453631
1113,1,126,1,63,56,43,24,344,1,29334905.266627908
1114,3,120,1,77,94,87,2,343,1,19452903.95463557
1115,3,130,0,72,18,46,7,343,1,15151917.789504375
1116,1,122,1,70,46,76,30,938,1,8889075.007889125
1117,1,172,0,74,46,58,15,343,8,15891050.24373178
1118,1,103,1,61,38,62,14,359,2,15706443.155543176
1119,1,122,0,55,46,64,0,350,3,14940689.8656
1120,1,130,1,47,56,90,0,1400,1,8416229.1218
1121,1,130,1,47,56,90,0,1400,1,8416229.1218
1122,1,130,1,47,56,90,0,1400,1,8416229.1218
1123,1,130,1,47,56,90,0,1400,1,8416229.1218
1124,1,130,1,47,56,90,0,1400,1,8416229.1218
1125,1,130,1,47,56,90,0,1400,1,8416229.1218
1126,1,130,1,47,56,90,0,1400,1,8416229.1218
1127,1,130,1,47,56,90,0,1400,1,8416229.1218
1128,1,130,1,47,56,90,0,1400,1,8416229.1218
1129,1,130,1,47,56,90,0,1400,1,8416229.1218
1130,1,130,1,47,56,90,0,1400,1,8416229.1218
1131,1,130,1,47,56,90,0,1400,1,8416229.1218
1132,1,130,1,47,56,90,0,1400,1,8416229.1218
1133,1,130,1,47,56,90,0,1400,1,8416229.1218
1134,1,130,1,47,56,90,0,1400,1,8416229.1218
1135,1,130,1,47,56,90,0,1400,1,8416229.1218
1136,1,130,1,47,56,90,0,1400,1,8416229.1218
1137,1,130,1,47,56,90,0,1400,1,8416229.1218
1138,1,130,1,47,56,90,0,1400,1,8416229.1218
1139,1,105,0,81,70,65,24,347,6,23221902.280115277
1140,1,120,1,90,73,51,39,490,1,15215583.77722449
1141,1,145,1,56,43,53,24,367,1,8096081.679128067
1142,2,99,0,79,64,59,28,357,1,24495149.25859944
1143,1,88,0,79,66,65,5,5673,3,4764297.905665433
1144,4,126,1,81,90,73,28,364,1,10325609.265934069
1145,2,136,1,77,71,75,33,333,1,26980274.97825826
1146,2,113,1,70,97,59,55,511,1,19268084.66630137
1147,3,132,1,82,49,88,20,393,1,18660424.22513995
1148,3,135,1,77,74,74,47,420,1,13906251.708666667
1149,2,126,1,67,49,77,11,2072,1,4175460.132876448
1150,1,102,0,67,72,74,30,308,3,23661299.49987013
1151,1,125,1,68,80,92,10,326,4,24795419.013128836
1152,1,149,1,37,28,66,14,3846,3,5566433.845522622
1153,2,137,1,74,71,89,24,394,1,18896372.380609136
1154,1,120,0,77,78,91,14,322,2,17911966.032173913
1155,1,100,1,90,75,50,11,540,1,15622048.476
1156,1,164,0,70,58,57,25,406,8,20912130.57408867
1157,1,93,0,65,79,66,31,399,1,16967875.63328321
1158,1,180,0,65,52,80,5,304,8,18563652.46144737
1159,1,79,1,34,22,31,43,364,3,16930398.51208791
1160,1,79,1,34,22,31,43,364,3,16930398.51208791
1161,1,146,1,56,21,44,73,7648,3,6400695.823389121
1162,1,103,1,37,17,27,75,8404,3,2260550.163146121
1163,1,140,0,70,26,76,8,315,2,14346577.735746032
1164,2,92,1,81,48,70,13,304,2,4715590.77131579
1165,1,102,0,64,4,60,11,2577,1,4492401.088366318
1166,2,118,0,82,75,85,33,357,1,17829685.320112046
1167,1,93,1,78,75,62,6,304,8,5405844.005789474
1168,1,150,0,70,26,56,14,386,1,9095077.068601036
1169,1,130,1,52,24,60,0,280,4,24470862.112
1170,2,83,0,65,24,53,6,273,1,9443951.907545788
1171,4,102,1,84,43,75,5,330,1,14688745.715515152
1172,1,136,0,73,65,91,4,270,2,19245924.951703705
1173,1,145,1,66,24,58,17,15034,1,312533.30721298396
1174,1,130,1,57,24,37,11,1696,1,12977272.945613207
1175,1,156,1,72,92,77,9,365,3,20656594.257863015
1176,1,123,1,57,50,85,5,288,9,18652417.782222223
1177,1,123,1,57,50,85,5,288,9,18652417.782222223
1178,1,132,1,92,53,62,7,301,3,23820997.76318937
1179,2,125,0,49,13,74,0,938,1,4557248.954328358
1180,1,162,0,74,22,67,0,273,2,9540025.8996337
1181,3,138,1,80,82,81,14,295,1,15088281.682983052
1182,3,161,0,59,62,60,12,378,1,15115440.04952381
1183,2,131,0,91,23,55,1,252,8,18706485.624285713
1184,3,122,0,75,45,63,6,252,1,23111890.827936508
1185,1,80,0,80,16,28,17,266,34,29026811.55639098
1186,1,109,1,75,11,50,20,266,34,25526603.27112782
1187,2,158,1,84,33,36,2,252,8,20584914.34873016
1188,1,126,1,66,12,35,55,266,34,24983754.392030075
1189,2,104,1,73,25,61,1,252,8,17118996.863333333
1190,1,110,1,48,15,31,80,266,34,21438438.260902256
1191,2,130,1,77,20,70,1,252,8,23961297.405873016
1192,1,177,1,34,39,16,97,266,34,21297049.610526316
1193,1,158,1,48,55,84,43,266,34,20312854.146766916
1194,2,114,0,62,25,44,51,252,1,8587910.125079365
1195,2,144,1,93,62,61,0,252,8,13581603.60047619
1196,1,125,1,54,22,76,0,259,1,23909676.00741313
1197,1,125,1,54,22,76,0,259,1,23909676.00741313
1198,1,125,1,54,22,76,0,259,1,23909676.00741313
1199,1,142,0,85,40,43,4,252,4,11278205.65984127
1200,1,142,0,85,40,43,4,252,4,11278205.65984127
1201,1,142,0,85,40,43,4,252,4,11278205.65984127
1202,1,142,0,85,40,43,4,252,4,11278205.65984127
1203,2,120,1,64,11,53,1,252,8,12834231.056984128
1204,1,96,1,57,55,74,22,266,34,20756714.434586465
1205,1,144,1,60,24,39,57,253,1,11005727.943557313
1206,1,166,1,42,7,24,83,266,34,13946540.311278196
1207,2,92,1,80,81,67,4,253,1,8844887.393359685
1208,3,97,1,82,67,77,8,267,1,15265102.73138577
1209,1,90,0,61,32,67,15,252,2,11597083.262063492
